sample,microchip ID,pool,sex,population,year,barcode,biosample,dftd_cells,chem_drug_c,cell_reduction
Devils_AS_291,9.82009E+14,1,male,Kellevie,1998,TTTGTC,SAMN05250314,3037,no,4291402
Devils_AS_279,9.8512E+14,1,female,Kellevie,1998,CACCTC,SAMN05250315,5504,no,2812243
Devils_AS_783,9.82E+14,1,male,Freycinet,1999,TCGCCA,SAMN05250358,1194,no,2641499
Devils_AS_780,9.82E+14,1,male,Freycinet,1999,TCTTCT,SAMN05250359,1281,no,801127
Devils_AS_746,9.82009E+14,1,male,Little Swanport,1999,CCATTT,SAMN05250318,4126,no,3457485
Devils_AS_285,9.82009E+14,1,male,Narawntapu,1999,TGCCCG,SAMN05250362,5099,no,1791832
Devils_AS_781,9.82E+14,1,female,Narawntapu,1999,TGCTTA,SAMN05250363,6242,no,2088897
Devils_AS_763,9.82E+14,1,male,Pawleena,1999,GAAATG,SAMN05250329,3252,no,5615552
Devils_AS_725,9.82009E+14,1,male,Pawleena,1999,GAACCA,SAMN05250330,9368,no,652725
Devils_AS_734,9.82009E+14,1,female,Bronte Park,2004,AATATC,SAMN05250299,7010,no,730113
Devils_AS_755,9.82E+14,1,male,Bronte Park,2004,AAGCTA,SAMN05250298,9994,no,171506
Devils_AS_333,9.82009E+14,1,male,Fentonbury,2004,ACTCTT,SAMN05250304,8418,no,206439
Devils_AS_785,9.82E+14,1,female,Fentonbury,2004,ACTGGC,SAMN05250305,9137,no,627522
Devils_AS_276,9.8512E+14,1,female,Forestier,2004,TCGATT,SAMN05250357,3933,no,2785623
Devils_AS_238,FNP000000000033,1,female,Forestier,2004,TCCTGC,SAMN05250356,5291,no,3937045
Devils_AS_241,FNP000000000039,1,unknown,Granville Harbour,2004,AGTAGG,SAMN05250310,5179,no,3986672
Devils_AS_325,9.82E+14,1,female,Granville Harbour,2004,AGTTAA,SAMN05250311,6075,no,3735696
Devils_AS_294,9.82009E+14,1,male,Lake Rowallan,2004,CAGGCA,SAMN05250316,5713,no,3432551
Devils_AS_740,9.82009E+14,1,female,Lake Rowallan,2004,CATACT,SAMN05250317,8110,no,267733
Devils_AS_751,9.82E+14,1,male,Lonnavale,2004,CCGAGG,SAMN05250319,7458,no,597302
Devils_AS_712,9.82009E+14,1,female,Milkshake Hills,2004,CGCGTG,SAMN05250322,8036,no,801829
Devils_AS_277,9.8512E+14,1,female,Milkshake Hills,2004,CGGTCC,SAMN05250323,9317,no,144320
Devils_AS_705,9.82009E+14,1,male,Mt Arrowsmith,2004,CGTCTA,SAMN05250324,2403,no,4819665
Devils_AS_331,9.82009E+14,1,male,Blessington,2005,AAACGG,SAMN05250294,2719,no,4015073
Devils_AS_741,9.82009E+14,1,male,Blessington,2005,AACGTT,SAMN05250295,9697,no,113272
Devils_AS_720,9.82009E+14,1,male,Hastings Caves,2005,CAAAAA,SAMN05250313,5671,no,3360811
Devils_AS_789,9.82E+14,1,female,Mt Arrowsmith,2005,CGTGAT,SAMN05250325,7027,no,189147
Devils_AS_236,FNP000000000029,1,female,Buckland,2006,ACAAGA,SAMN05250301,500,no,3604355
Devils_AS_302,9.82009E+14,1,female,Buckland,2006,AATGAG,SAMN05250300,2179,no,4579827
Devils_AS_296,9.82009E+14,1,unknown,Harford,2006,ATCAAA,SAMN05250312,6075,no,3198671
Devils_AS_742,9.82009E+14,1,male,Macquarie Heads/Discovery Beach,2006,CGCAGA,SAMN05250321,1735,no,5257024
Devils_AS_777,9.82E+14,1,male,Macquarie Heads/Discovery Beach,2006,CGAGGC,SAMN05250320,5643,no,1196974
Devils_AS_772,9.82E+14,1,male,St Helens,2006,GGGCGC,SAMN05250341,1620,no,4067878
Devils_AS_754,9.82E+14,1,female,St Marys,2006,GGGGCG,SAMN05250342,2098,no,3320758
Devils_AS_547,NNP000000000007,1,female,St Marys,2006,GGTACA,SAMN05250343,5681,no,766679
Devils_AS_286,9.82009E+14,1,female,West Pencil Pine,2006,GTCATC,SAMN05250347,5335,no,5033207
Devils_AS_281,9.8512E+14,1,female,Wisedale,2006,TACGGG,SAMN05250352,2329,no,4452456
Devils_AS_252,FNP000000000044,1,unknown,Wisedale,2006,TAGTAT,SAMN05250353,5798,no,4685815
Devils_AS_267,9.8512E+14,1,female,Woolnorth,2006,TTATGA,SAMN05250365,1589,no,4102610
Devils_AS_695,9.82009E+14,1,male,Woolnorth,2006,TGGGGA,SAMN05250364,6134,no,997634
Devils_AS_735,9.82009E+14,1,male,Arthur River (WI07 Temma),2007,TCAAAG,SAMN05250355,5825,no,925951
Devils_AS_250,FNP000000000057,1,female,Arthur River (WI07 Temma),2007,TATCAC,SAMN05250354,7652,no,227376
Devils_AS_696,9.82009E+14,1,female,Mt Hicks,2007,CTCGCC,SAMN05250326,1116,no,1701953
Devils_AS_284,9.8512E+14,1,female,Mt Housetop,2007,CTGCGA,SAMN05250327,4849,no,3008333
Devils_AS_543,NNP000000000002,1,female,Mt Housetop,2007,CTGGTT,SAMN05250328,6075,no,1541964
Devils_AS_717,9.82009E+14,1,male,Queenstown North,2007,GATCGT,SAMN05250334,5934,no,4512121
Devils_AS_790,9.82E+14,1,female,Queenstown North,2007,GAGAGA,SAMN05250333,7538,no,165435
Devils_AS_245,FNP000000000045,1,female,Queenstown South,2007,GCAGAT,SAMN05250335,3243,no,3563495
Devils_AS_757,9.82E+14,1,female,Queenstown South,2007,GCATGG,SAMN05250336,6885,no,1142704
Devils_AS_262,9.8512E+14,1,female,Reedy Marsh,2007,GCGACC,SAMN05250338,1898,no,5226752
Devils_AS_249,FNP000000000055,1,male,Reedy Marsh,2007,GCCGTA,SAMN05250337,4165,no,4624676
Devils_AS_323,9.82E+14,1,female,Savage River,2007,GGCAAG,SAMN05250340,1593,no,4344608
Devils_AS_756,9.82E+14,1,male,Savage River,2007,GGACTT,SAMN05250339,4565,no,3661344
Devils_AS_699,9.82009E+14,1,male,Takone,2007,GGTTTG,SAMN05250344,1927,no,4533046
Devils_AS_246,FNP000000000049,1,female,Takone,2007,GTAAGT,SAMN05250345,8483,no,989492
Devils_AS_266,9.8512E+14,1,male,West Pencil Pine,2007,GTATCC,SAMN05250346,7717,no,137712
Devils_AS_248,FNP000000000054,1,male,Bothwell,2008,AACTGA,SAMN05250296,410,no,3881073
Devils_AS_230,FNP000000000013,1,female,Bothwell,2008,AAGACG,SAMN05250297,4135,no,4865719
Devils_AS_722,9.82009E+14,1,male,Elderslie/Kempton,2008,ACAGCG,SAMN05250302,2893,no,3125495
Devils_AS_287,9.82009E+14,1,male,Elderslie/Kempton,2008,ACATAC,SAMN05250303,7852,no,462533
Devils_AS_234,FNP000000000026,1,female,Glen Huon,2008,AGGTGT,SAMN05250309,2765,no,3890071
Devils_AS_713,9.82009E+14,1,male,Glen Huon,2008,AGGGTC,SAMN05250308,3138,no,4043436
Devils_AS_711,9.82009E+14,1,female,Mt William,2008,TGAACC,SAMN05250360,4196,no,1574378
Devils_AS_706,9.82009E+14,1,male,Mt William,2008,TGACAA,SAMN05250361,5658,no,2483631
Devils_AS_748,9.82009E+14,1,male,WI08 Corinna,2008,GTGCCT,SAMN05250348,4568,no,2661360
Devils_AS_760,9.82E+14,1,male,WI08 Corinna,2008,TAAGCT,SAMN05250349,5980,no,3897399
Devils_AS_229,FNP000000000012,1,male,WI08 Strahan,2008,TACACA,SAMN05250351,2630,no,4196331
Devils_AS_243,FNP000000000041,1,female,WI08 Strahan,2008,TAATTC,SAMN05250350,6129,no,2999316
Devils_AS_240,FNP000000000038,1,male,Flowerdale,2009,AGCGCA,SAMN05250307,2733,no,3169565
Devils_AS_727,9.82009E+14,1,unknown,Flowerdale,2009,AGCCAT,SAMN05250306,4331,no,3214929
Devils_AS_737,9.82009E+14,1,unknown,Peegra Dip Falls,2009,GACGAC,SAMN05250331,3844,no,4724973
Devils_AS_747,9.82009E+14,1,unknown,Peegra Dip Falls,2009,GACTCT,SAMN05250332,7095,no,183778
Devils_AS_605,9.82009E+14,2,male,Freycinet,1999,TGAACC,SAMN05250021,151,yes,6590947
Devils_AS_601,9.82009E+14,2,male,Freycinet,1999,CACCTC,SAMN05250032,499,yes,6004833
Devils_AS_589,9.8512E+14,2,female,Freycinet,1999,GGACTT,SAMN05250011,529,yes,6544115
Devils_AS_558,NNP000000000027,2,male,Freycinet,1999,AGCGCA,SAMN05250031,820,yes,6797371
Devils_AS_3,9.82009E+14,2,female,Freycinet,1999,TAAGCT,SAMN05250012,838,yes,4694389
Devils_AS_592,9.8512E+14,2,female,Freycinet,1999,AGCCAT,SAMN05250023,1684,yes,5097523
Devils_AS_600,9.82009E+14,2,female,Freycinet,1999,GGGCGC,SAMN05250027,2518,yes,6404269
Devils_AS_666,9.82009E+14,2,female,Freycinet,1999,GAACCA,SAMN05250018,2721,yes,5703610
Devils_AS_688,9.82009E+14,2,female,Freycinet,1999,AACGTT,SAMN05250014,2856,yes,4967754
Devils_AS_607,9.82009E+14,2,male,Freycinet,1999,ACTGGC,SAMN05250015,2983,yes,5630408
Devils_AS_609,9.82009E+14,2,female,Freycinet,1999,AAACGG,SAMN05250006,4241,yes,4624456
Devils_AS_53,9.82009E+14,2,female,Freycinet,1999,ACTCTT,SAMN05250007,4790,yes,4534782
Devils_AS_32,9.82009E+14,2,male,Freycinet,1999,CAAAAA,SAMN05250016,4878,yes,4390998
Devils_AS_14,9.82009E+14,2,male,Freycinet,1999,GACGAC,SAMN05250026,5702,yes,4968608
Devils_AS_15,9.82009E+14,2,male,Freycinet,1999,GAAATG,SAMN05250010,5884,yes,4565085
Devils_AS_73,9.82009E+14,2,female,Freycinet,1999,ATTCCG,SAMN05250008,6659,yes,3580797
Devils_AS_22,9.8512E+14,2,female,Freycinet,1999,GGCAAG,SAMN05250019,6695,yes,4301920
Devils_AS_55,9.82009E+14,2,male,Freycinet,1999,TCTTCT,SAMN05250013,6878,yes,1928714
Devils_AS_46,9.82009E+14,2,female,Freycinet,1999,CAATCG,SAMN05250024,7045,yes,4629248
Devils_AS_62,9.82009E+14,2,male,Freycinet,1999,CGAGGC,SAMN05250009,7303,yes,3991751
Devils_AS_76,9.82009E+14,2,male,Freycinet,1999,TACACA,SAMN05250028,7362,yes,5641553
Devils_AS_45,9.82009E+14,2,female,Freycinet,1999,TAATTC,SAMN05250020,7664,yes,3518865
Devils_AS_66,9.82009E+14,2,female,Freycinet,1999,CGCAGA,SAMN05250017,7703,yes,6204915
Devils_AS_34,9.8512E+14,2,male,Freycinet,1999,AAGACG,SAMN05250030,8133,yes,3124773
Devils_AS_311,9.82E+14,2,male,Freycinet,1999,AACTGA,SAMN05250022,8758,yes,7629784
Devils_AS_542,NNP000000000001,2,female,Freycinet,1999,TGACAA,SAMN05250029,9230,yes,6641855
Devils_AS_254,FNP000000000003,2,female,Freycinet,1999,CGCGTG,SAMN05250025,9652,yes,4595408
Devils_AS_667,9.82009E+14,2,male,Narawntapu,1999,CCTAAC,SAMN05250096,324,yes,4768802
Devils_AS_604,9.82009E+14,2,female,Narawntapu,1999,GCTCAA,SAMN05250098,1002,yes,5909692
Devils_AS_556,NNP000000000024,2,female,Narawntapu,1999,GTTGGA,SAMN05250099,2955,yes,5419750
Devils_AS_625,9.82009E+14,2,male,Narawntapu,1999,TTTGTC,SAMN05250101,4403,yes,5191503
Devils_AS_57,9.82009E+14,2,female,Narawntapu,1999,TCTCGG,SAMN05250100,8041,yes,5443412
Devils_AS_744,9.82009E+14,2,female,Narawntapu,1999,CTTTGC,SAMN05250097,8574,yes,5180179
Devils_AS_610,9.82009E+14,2,female,Freycinet,2004,TACGGG,SAMN05250036,152,yes,4536668
Devils_AS_566,NNP000000000036,2,female,Freycinet,2004,GGGGCG,SAMN05250035,155,yes,5006591
Devils_AS_584,9.8512E+14,2,female,Freycinet,2004,CGGTCC,SAMN05250033,359,yes,6440793
Devils_AS_585,9.8512E+14,2,female,Freycinet,2004,GACTCT,SAMN05250034,396,yes,6179784
Devils_AS_621,9.82009E+14,2,male,Freycinet,2004,AGGTGT,SAMN05250047,529,yes,6689942
Devils_AS_620,9.82009E+14,2,female,Freycinet,2004,AGGGTC,SAMN05250039,703,yes,4619129
Devils_AS_595,9.82009E+14,2,female,Freycinet,2004,TAGTAT,SAMN05250044,824,yes,4518094
Devils_AS_582,9.8512E+14,2,male,Freycinet,2004,TGGGGA,SAMN05250053,884,yes,5491682
Devils_AS_622,9.82009E+14,2,female,Freycinet,2004,TGCTTA,SAMN05250045,1267,yes,4862744
Devils_AS_561,NNP000000000030,2,male,Freycinet,2004,CCATTT,SAMN05250056,2531,yes,5025078
Devils_AS_623,9.82009E+14,2,male,Freycinet,2004,AATATC,SAMN05250046,3216,yes,4017338
Devils_AS_689,9.82009E+14,2,male,Freycinet,2004,CGTCTA,SAMN05250041,3435,yes,2737838
Devils_AS_683,9.82009E+14,2,female,Freycinet,2004,CATACT,SAMN05250048,4082,yes,2727701
Devils_AS_590,9.8512E+14,2,female,Freycinet,2004,AGTAGG,SAMN05250055,4371,yes,4532470
Devils_AS_38,9.82009E+14,2,male,Freycinet,2004,TGCCCG,SAMN05250037,4662,yes,3920436
Devils_AS_71,FNP000000000006,2,male,Freycinet,2004,CGTGAT,SAMN05250049,4686,yes,2903394
Devils_AS_54,9.82009E+14,2,female,Freycinet,2004,CAGGCA,SAMN05250040,5241,yes,2729763
Devils_AS_72,9.82009E+14,2,female,Freycinet,2004,GGTACA,SAMN05250043,6082,yes,3100622
Devils_AS_39,9.82009E+14,2,female,Freycinet,2004,AAGCTA,SAMN05250038,6395,yes,3384829
Devils_AS_24,KLV000000000007,2,female,Freycinet,2004,AATGAG,SAMN05250054,6606,yes,4844982
Devils_AS_20,9.82009E+14,2,male,Freycinet,2004,GATCGT,SAMN05250050,7242,yes,3361879
Devils_AS_44,9.82009E+14,2,female,Freycinet,2004,CTACAG,SAMN05250057,7623,yes,3324405
Devils_AS_10,9.82009E+14,2,female,Freycinet,2004,TATCAC,SAMN05250052,7802,yes,2463285
Devils_AS_255,9.8512E+14,2,male,Freycinet,2004,GAGAGA,SAMN05250042,9336,yes,1447828
Devils_AS_232,FNP000000000017,2,male,Freycinet,2004,GGTTTG,SAMN05250051,9773,yes,2844698
Devils_AS_685,9.82009E+14,2,male,Freycinet,2008,ATAGTA,SAMN05250071,508,yes,4895621
Devils_AS_682,9.82009E+14,2,male,Freycinet,2008,CTCGCC,SAMN05250065,658,yes,4345122
Devils_AS_613,9.82009E+14,2,male,Freycinet,2008,ACAAGA,SAMN05250062,2071,yes,5582145
Devils_AS_596,9.8512E+14,2,male,Freycinet,2008,GCATGG,SAMN05250066,2173,yes,5471428
Devils_AS_608,9.82009E+14,2,male,Freycinet,2008,TCCTGC,SAMN05250068,2935,yes,5598824
Devils_AS_599,9.82009E+14,2,male,Freycinet,2008,ACAGCG,SAMN05250070,3481,yes,4946318
Devils_AS_673,9.82009E+14,2,female,Freycinet,2008,GTCATC,SAMN05250075,3717,yes,4315047
Devils_AS_687,9.82009E+14,2,female,Freycinet,2008,CCCTAA,SAMN05250072,4650,yes,5151296
Devils_AS_52,9.82009E+14,2,female,Freycinet,2008,AGTTAA,SAMN05250063,4778,yes,4141224
Devils_AS_16,9.82009E+14,2,male,Freycinet,2008,TTATGA,SAMN05250061,5773,yes,4914546
Devils_AS_43,9.82009E+14,2,male,Freycinet,2008,CTGCGA,SAMN05250073,5945,yes,1004166
Devils_AS_68,9.8512E+14,2,female,Freycinet,2008,GCCGTA,SAMN05250074,6542,yes,4717157
Devils_AS_65,9.82009E+14,2,male,Freycinet,2008,CCCGGT,SAMN05250064,7023,yes,1703522
Devils_AS_30,9.851E+14,2,male,Freycinet,2008,GCAGAT,SAMN05250058,7637,yes,3599007
Devils_AS_58,9.82009E+14,2,female,Freycinet,2008,GTAAGT,SAMN05250059,7721,yes,5377075
Devils_AS_12,9.8512E+14,2,male,Freycinet,2008,GTATCC,SAMN05250067,8090,yes,3526968
Devils_AS_724,9.82009E+14,2,male,Freycinet,2008,TTCCGT,SAMN05250069,8643,yes,5960934
Devils_AS_316,9.82E+14,2,female,Freycinet,2008,TCAAAG,SAMN05250060,9345,yes,3715661
Devils_AS_577,9.8512E+14,2,male,Freycinet,2012,ATCAAA,SAMN05250079,28,yes,6720547
Devils_AS_580,9.8512E+14,2,male,Freycinet,2012,TTCTAG,SAMN05250077,112,yes,4266824
Devils_AS_627,9.82009E+14,2,male,Freycinet,2012,TCGATT,SAMN05250076,121,yes,6160695
Devils_AS_562,NNP000000000031,2,male,Freycinet,2012,CTGGTT,SAMN05250081,373,yes,5481668
Devils_AS_668,9.82009E+14,2,female,Freycinet,2012,GCGACC,SAMN05250082,404,yes,5779012
Devils_AS_574,9.82009E+14,2,male,Freycinet,2012,ACCATG,SAMN05250086,562,yes,4936119
Devils_AS_594,9.82009E+14,2,female,Freycinet,2012,TCGCCA,SAMN05250084,582,yes,5524389
Devils_AS_578,9.8512E+14,2,male,Freycinet,2012,CTTATG,SAMN05250089,820,yes,4619381
Devils_AS_570,9.8512E+14,2,male,Freycinet,2012,CCGAGG,SAMN05250080,961,yes,6226223
Devils_AS_681,9.82009E+14,2,female,Freycinet,2012,GTGCCT,SAMN05250083,3195,yes,4130963
Devils_AS_7,9.82009E+14,2,female,Freycinet,2012,ACATAC,SAMN05250078,5283,yes,7675894
Devils_AS_69,9.8512E+14,2,female,Freycinet,2012,CCGCAT,SAMN05250088,5950,yes,3373966
Devils_AS_13,9.82009E+14,2,female,Freycinet,2012,TTGAGC,SAMN05250085,6119,yes,3155956
Devils_AS_313,9.82E+14,2,male,Freycinet,2012,ATGCAC,SAMN05250087,8710,yes,3137590
Devils_AS_591,9.8512E+14,2,male,Freycinet,2013,TTTAAT,SAMN05250093,224,yes,4298127
Devils_AS_660,9.82009E+14,2,female,Freycinet,2013,ATGTTG,SAMN05250095,831,yes,6165298
Devils_AS_603,9.82009E+14,2,female,Freycinet,2013,GCGCTG,SAMN05250090,2847,yes,5893349
Devils_AS_63,9.82009E+14,2,male,Freycinet,2013,GTGTAA,SAMN05250091,5588,yes,3368479
Devils_AS_31,9.82009E+14,2,female,Freycinet,2013,TCGGAC,SAMN05250092,6659,yes,3232693
Devils_AS_317,9.82E+14,2,male,Freycinet,2013,ACCCCC,SAMN05250094,9529,yes,3498182
Devils_AS_268,9.8512E+14,3,male,Narawntapu,1999,TGAACC,SAMN05250117,80,no,4372761
Devils_AS_544,NNP000000000004,3,female,Narawntapu,1999,CGCAGA,SAMN05250113,162,no,4533081
Devils_AS_269,9.8512E+14,3,male,Narawntapu,1999,AGCCAT,SAMN05250119,174,no,3380626
Devils_AS_289,9.82009E+14,3,male,Narawntapu,1999,GAAATG,SAMN05250106,280,no,4080667
Devils_AS_293,9.82009E+14,3,female,Narawntapu,1999,AACGTT,SAMN05250110,305,no,4849862
Devils_AS_270,9.8512E+14,3,female,Narawntapu,1999,ACTCTT,SAMN05250103,574,no,1211428
Devils_AS_775,9.82E+14,3,female,Narawntapu,1999,CAAAAA,SAMN05250112,602,no,3536608
Devils_AS_303,9.82009E+14,3,female,Narawntapu,1999,AAACGG,SAMN05250102,605,no,5002349
Devils_AS_548,NNP000000000008,3,female,Narawntapu,1999,TAATTC,SAMN05250116,664,no,4869926
Devils_AS_764,9.82E+14,3,male,Narawntapu,1999,TCTTCT,SAMN05250109,706,no,5561302
Devils_AS_765,9.82E+14,3,male,Narawntapu,1999,TAAGCT,SAMN05250108,736,no,4687383
Devils_AS_259,9.8512E+14,3,female,Narawntapu,1999,GAACCA,SAMN05250114,742,no,3078365
Devils_AS_776,9.82E+14,3,female,Narawntapu,1999,GGCAAG,SAMN05250115,773,no,3671005
Devils_AS_703,9.82009E+14,3,female,Narawntapu,1999,ACTGGC,SAMN05250111,829,no,3854489
Devils_AS_264,9.8512E+14,3,male,Narawntapu,1999,CGAGGC,SAMN05250105,835,no,3390756
Devils_AS_779,9.82E+14,3,female,Narawntapu,1999,AACTGA,SAMN05250118,869,no,3134022
Devils_AS_288,9.82009E+14,3,female,Narawntapu,1999,GGACTT,SAMN05250107,924,no,4610003
Devils_AS_778,9.82E+14,3,female,Narawntapu,1999,ATTCCG,SAMN05250104,970,no,3366487
Devils_AS_292,9.82009E+14,3,female,Narawntapu,2004,AAGACG,SAMN05250126,66,no,4568611
Devils_AS_263,9.8512E+14,3,female,Narawntapu,2004,CGGTCC,SAMN05250129,68,no,5739772
Devils_AS_233,FNP000000000025,3,female,Narawntapu,2004,CACCTC,SAMN05250128,112,no,3352011
Devils_AS_280,9.8512E+14,3,female,Narawntapu,2004,GGTACA,SAMN05250139,135,no,4098142
Devils_AS_694,9.82009E+14,3,female,Narawntapu,2004,GACGAC,SAMN05250122,143,no,4953644
Devils_AS_791,9.00006E+14,3,male,Narawntapu,2004,TGCCCG,SAMN05250133,156,no,4219263
Devils_AS_314,9.82E+14,3,male,Narawntapu,2004,AAGCTA,SAMN05250134,162,no,3752339
Devils_AS_244,FNP000000000042,3,female,Narawntapu,2004,CGTCTA,SAMN05250137,199,no,4184052
Devils_AS_758,9.82E+14,3,female,Narawntapu,2004,TACACA,SAMN05250124,227,no,4051701
Devils_AS_787,9.82E+14,3,male,Narawntapu,2004,TGCTTA,SAMN05250141,240,no,5604129
Devils_AS_730,9.82009E+14,3,male,Narawntapu,2004,AGCGCA,SAMN05250127,316,no,4390905
Devils_AS_771,9.82E+14,3,male,Narawntapu,2004,AATATC,SAMN05250142,353,no,4459359
Devils_AS_723,9.82009E+14,3,female,Narawntapu,2004,GGGGCG,SAMN05250131,414,no,4294214
Devils_AS_239,FNP000000000036,3,female,Narawntapu,2004,CAATCG,SAMN05250120,431,no,5214685
Devils_AS_328,9.82009E+14,3,male,Narawntapu,2004,CATACT,SAMN05250144,453,no,4924715
Devils_AS_767,9.82E+14,3,male,Narawntapu,2004,TGACAA,SAMN05250125,454,no,5294290
Devils_AS_768,9.82E+14,3,male,Narawntapu,2004,GACTCT,SAMN05250130,461,no,4900181
Devils_AS_545,NNP000000000005,3,male,Narawntapu,2004,TAGTAT,SAMN05250140,466,no,3984465
Devils_AS_716,9.82009E+14,3,male,Narawntapu,2004,GGGCGC,SAMN05250123,557,no,5266876
Devils_AS_707,9.82009E+14,3,male,Narawntapu,2004,AGGTGT,SAMN05250143,570,no,4975174
Devils_AS_298,9.82009E+14,3,male,Narawntapu,2004,CGTGAT,SAMN05250145,592,no,4339222
Devils_AS_697,9.82009E+14,3,male,Narawntapu,2004,AGGGTC,SAMN05250135,610,no,4865015
Devils_AS_273,9.8512E+14,3,male,Narawntapu,2004,TACGGG,SAMN05250132,629,no,3640874
Devils_AS_745,9.82009E+14,3,male,Narawntapu,2004,GATCGT,SAMN05250146,832,no,5225413
Devils_AS_786,9.82E+14,3,female,Narawntapu,2004,CGCGTG,SAMN05250121,867,no,3313676
Devils_AS_752,9.82E+14,3,female,Narawntapu,2004,GAGAGA,SAMN05250138,931,no,5387404
Devils_AS_301,9.82009E+14,3,female,Narawntapu,2004,CAGGCA,SAMN05250136,981,no,5418148
Devils_AS_322,9.82E+14,3,male,West Pencil Pine,2006,TCGCCA,SAMN05250180,29,no,4467484
Devils_AS_704,9.82009E+14,3,female,West Pencil Pine,2006,CCGAGG,SAMN05250176,60,no,5147804
Devils_AS_336,9.82009E+14,3,female,West Pencil Pine,2006,ATGCAC,SAMN05250183,85,no,4923819
Devils_AS_753,9.82E+14,3,female,West Pencil Pine,2006,GCGACC,SAMN05250178,143,no,3199816
Devils_AS_743,9.82009E+14,3,female,West Pencil Pine,2006,GTGCCT,SAMN05250179,166,no,4147194
Devils_AS_759,9.82E+14,3,female,West Pencil Pine,2006,ATGTTG,SAMN05250191,189,no,4873863
Devils_AS_788,9.82E+14,3,female,West Pencil Pine,2006,TTTAAT,SAMN05250189,253,no,3573725
Devils_AS_721,9.82009E+14,3,female,West Pencil Pine,2006,ACATAC,SAMN05250174,386,no,4956378
Devils_AS_693,9.82009E+14,3,male,West Pencil Pine,2006,GCGCTG,SAMN05250186,422,no,4780336
Devils_AS_761,9.82E+14,3,female,West Pencil Pine,2006,TTGAGC,SAMN05250181,547,no,4129366
Devils_AS_782,9.82E+14,3,female,West Pencil Pine,2006,CTGGTT,SAMN05250177,617,no,3742108
Devils_AS_714,9.82009E+14,3,female,West Pencil Pine,2006,CTTTGC,SAMN05250193,639,no,4610704
Devils_AS_282,9.8512E+14,3,female,West Pencil Pine,2006,CCGCAT,SAMN05250184,649,no,3567763
Devils_AS_300,9.82009E+14,3,female,West Pencil Pine,2006,GTGTAA,SAMN05250187,740,no,3434940
Devils_AS_274,9.8512E+14,3,male,West Pencil Pine,2006,TCGGAC,SAMN05250188,762,no,4435141
Devils_AS_228,FNP000000000011,3,female,West Pencil Pine,2006,ATCAAA,SAMN05250175,798,no,4918903
Devils_AS_312,9.82009E+14,3,female,West Pencil Pine,2006,ACCATG,SAMN05250182,841,no,3216943
Devils_AS_738,9.82009E+14,3,male,West Pencil Pine,2006,ACCCCC,SAMN05250190,901,no,4531457
Devils_AS_726,9.82009E+14,3,female,West Pencil Pine,2006,CTTATG,SAMN05250185,977,no,5648866
Devils_AS_326,9.82E+14,3,male,West Pencil Pine,2006,CCTAAC,SAMN05250192,984,no,4083692
Devils_AS_762,9.82E+14,3,female,Narawntapu,2009,TTCTAG,SAMN05250173,68,no,5152045
Devils_AS_327,9.82E+14,3,unknown,Narawntapu,2009,CCATTT,SAMN05250152,71,no,4585759
Devils_AS_253,FNP000000000004,3,unknown,Narawntapu,2009,TTATGA,SAMN05250157,72,no,4639398
Devils_AS_698,9.82009E+14,3,male,Narawntapu,2009,TATCAC,SAMN05250148,186,no,4492000
Devils_AS_736,9.82009E+14,3,male,Narawntapu,2009,ATAGTA,SAMN05250167,190,no,2700947
Devils_AS_715,9.82009E+14,3,unknown,Narawntapu,2009,AGTTAA,SAMN05250159,203,no,4855220
Devils_AS_773,9.82E+14,3,unknown,Narawntapu,2009,ACAGCG,SAMN05250166,287,no,3688562
Devils_AS_731,9.82009E+14,3,unknown,Narawntapu,2009,CTCGCC,SAMN05250161,428,no,3851450
Devils_AS_729,9.82009E+14,3,unknown,Narawntapu,2009,AGTAGG,SAMN05250151,435,no,3312565
Devils_AS_770,9.82E+14,3,unknown,Narawntapu,2009,CCCTAA,SAMN05250168,453,no,3208255
Devils_AS_295,9.82009E+14,3,unknown,Narawntapu,2009,TCCTGC,SAMN05250164,464,no,3399762
Devils_AS_702,9.82009E+14,3,male,Narawntapu,2009,TGGGGA,SAMN05250149,519,no,3154642
Devils_AS_750,9.82E+14,3,female,Narawntapu,2009,CCCGGT,SAMN05250160,557,no,3856944
Devils_AS_320,9.82E+14,3,unknown,Narawntapu,2009,TTCCGT,SAMN05250165,569,no,4092122
Devils_AS_709,9.82009E+14,3,unknown,Narawntapu,2009,GTATCC,SAMN05250163,581,no,2890915
Devils_AS_265,9.8512E+14,3,female,Narawntapu,2009,TCGATT,SAMN05250172,583,no,3905042
Devils_AS_766,9.82E+14,3,unknown,Narawntapu,2009,GGTTTG,SAMN05250147,583,no,3969543
Devils_AS_718,9.82009E+14,3,unknown,Narawntapu,2009,ACAAGA,SAMN05250158,619,no,4465826
Devils_AS_227,FNP000000000005,3,unknown,Narawntapu,2009,AATGAG,SAMN05250150,633,no,4217116
Devils_AS_774,9.82E+14,3,unknown,Narawntapu,2009,GTAAGT,SAMN05250155,677,no,4052716
Devils_AS_784,9.82E+14,3,unknown,Narawntapu,2009,GCAGAT,SAMN05250154,735,no,5151405
Devils_AS_749,9.82E+14,3,female,Narawntapu,2009,CTACAG,SAMN05250153,761,no,4664205
Devils_AS_290,9.82009E+14,3,unknown,Narawntapu,2009,CTGCGA,SAMN05250169,774,no,2714116
Devils_AS_329,9.82009E+14,3,male,Narawntapu,2009,GCATGG,SAMN05250162,887,no,5336025
Devils_AS_247,FNP000000000052,3,male,Narawntapu,2009,TCAAAG,SAMN05250156,923,no,3434779
Devils_AS_769,9.82E+14,3,unknown,Narawntapu,2009,GTCATC,SAMN05250171,947,no,3764147
Devils_AS_231,FNP000000000015,3,unknown,Narawntapu,2009,GCCGTA,SAMN05250170,970,no,3068519
Devils_AS_728,9.82009E+14,3,male,West Pencil Pine,2009,GTTGGA,SAMN05250195,245,no,4217074
Devils_AS_283,9.8512E+14,3,female,West Pencil Pine,2009,TTTGTC,SAMN05250197,417,no,3713417
Devils_AS_235,FNP000000000028,3,male,West Pencil Pine,2009,TCTCGG,SAMN05250196,454,no,3788320
Devils_AS_237,FNP000000000031,3,male,West Pencil Pine,2009,GCTCAA,SAMN05250194,802,no,4586423
Devils_AS_674,9.82009E+14,4,female,West Pencil Pine,2009,TCTTCT,SAMN05250205,202,yes,5129072
Devils_AS_612,9.82009E+14,4,female,West Pencil Pine,2009,TGAACC,SAMN05250213,532,yes,4970313
Devils_AS_690,9.82009E+14,4,male,West Pencil Pine,2009,CAAAAA,SAMN05250208,628,yes,5796461
Devils_AS_679,9.82009E+14,4,male,West Pencil Pine,2009,ACTCTT,SAMN05250199,922,yes,4849254
Devils_AS_576,9.82009E+14,4,female,West Pencil Pine,2009,GGACTT,SAMN05250203,1363,yes,5890756
Devils_AS_618,9.82009E+14,4,female,West Pencil Pine,2009,GACGAC,SAMN05250218,1684,yes,4733526
Devils_AS_549,NNP000000000009,4,female,West Pencil Pine,2009,AAACGG,SAMN05250198,2599,yes,6344447
Devils_AS_555,NNP000000000022,4,female,West Pencil Pine,2009,AACGTT,SAMN05250206,3000,yes,6905992
Devils_AS_606,9.82009E+14,4,female,West Pencil Pine,2009,GGGCGC,SAMN05250219,3124,yes,1209492
Devils_AS_564,NNP000000000033,4,female,West Pencil Pine,2009,GGCAAG,SAMN05250211,3210,yes,4550803
Devils_AS_662,9.82009E+14,4,female,West Pencil Pine,2009,TAATTC,SAMN05250212,3310,yes,3874788
Devils_AS_571,9.8512E+14,4,male,West Pencil Pine,2009,GAAATG,SAMN05250202,3978,yes,3595374
Devils_AS_616,9.82009E+14,4,male,West Pencil Pine,2009,TGACAA,SAMN05250221,4036,yes,3703901
Devils_AS_554,NNP000000000019,4,male,West Pencil Pine,2009,CGCGTG,SAMN05250217,4311,yes,3599029
Devils_AS_50,9.82009E+14,4,female,West Pencil Pine,2009,ACTGGC,SAMN05250207,5159,yes,5069018
Devils_AS_27,LSW000000000005,4,female,West Pencil Pine,2009,CGAGGC,SAMN05250201,5984,yes,3366431
Devils_AS_74,NNP000000000020,4,male,West Pencil Pine,2009,TAAGCT,SAMN05250204,6437,yes,4595595
Devils_AS_59,9.82009E+14,4,female,West Pencil Pine,2009,CGCAGA,SAMN05250209,6606,yes,3597456
Devils_AS_67,9.82009E+14,4,female,West Pencil Pine,2009,CAATCG,SAMN05250216,7026,yes,3778028
Devils_AS_75,NNP000000000021,4,female,West Pencil Pine,2009,AACTGA,SAMN05250214,7422,yes,5529411
Devils_AS_26,9.8512E+14,4,female,West Pencil Pine,2009,GAACCA,SAMN05250210,7931,yes,4582850
Devils_AS_2,9.82009E+14,4,male,West Pencil Pine,2009,TACACA,SAMN05250220,8344,yes,4876665
Devils_AS_310,9.82009E+14,4,female,West Pencil Pine,2009,ATTCCG,SAMN05250200,8762,yes,5040682
Devils_AS_256,9.8512E+14,4,male,West Pencil Pine,2009,AGCCAT,SAMN05250215,9471,yes,3172764
Devils_AS_670,9.82009E+14,4,female,West Pencil Pine,2011,AATGAG,SAMN05250246,24,yes,5520223
Devils_AS_664,9.82009E+14,4,female,West Pencil Pine,2011,GGGGCG,SAMN05250227,25,yes,6524673
Devils_AS_579,9.82009E+14,4,male,West Pencil Pine,2011,TAGTAT,SAMN05250236,219,yes,6951773
Devils_AS_572,9.8512E+14,4,female,West Pencil Pine,2011,GGTACA,SAMN05250235,297,yes,5612636
Devils_AS_568,NNP000000000011,4,female,West Pencil Pine,2011,AAGACG,SAMN05250222,404,yes,5997121
Devils_AS_597,9.8512E+14,4,female,West Pencil Pine,2011,TGGGGA,SAMN05250245,1008,yes,4853497
Devils_AS_581,9.8512E+14,4,female,West Pencil Pine,2011,AGGTGT,SAMN05250239,1609,yes,5434042
Devils_AS_672,9.82009E+14,4,male,West Pencil Pine,2011,AGGGTC,SAMN05250231,1823,yes,4327204
Devils_AS_550,NNP000000000010,4,male,West Pencil Pine,2011,CGTCTA,SAMN05250233,2359,yes,4644932
Devils_AS_626,9.82009E+14,4,female,West Pencil Pine,2011,CACCTC,SAMN05250224,2476,yes,4990824
Devils_AS_598,9.8512E+14,4,male,West Pencil Pine,2011,GACTCT,SAMN05250226,2529,yes,5376298
Devils_AS_587,9.8512E+14,4,female,West Pencil Pine,2011,GAGAGA,SAMN05250234,2644,yes,4596016
Devils_AS_611,9.82009E+14,4,male,West Pencil Pine,2011,CAGGCA,SAMN05250232,2760,yes,4057497
Devils_AS_56,9.82009E+14,4,male,West Pencil Pine,2011,AGTAGG,SAMN05250247,5228,yes,2572657
Devils_AS_1,9.82009E+14,4,female,West Pencil Pine,2011,CGTGAT,SAMN05250241,5622,yes,3079780
Devils_AS_41,PAW000000000011,4,female,West Pencil Pine,2011,TGCCCG,SAMN05250229,5942,yes,1073783
Devils_AS_60,9.82009E+14,4,male,West Pencil Pine,2011,TATCAC,SAMN05250244,6358,yes,3752040
Devils_AS_25,9.8512E+14,4,male,West Pencil Pine,2011,CGGTCC,SAMN05250225,6902,yes,3175091
Devils_AS_18,9.8512E+14,4,male,West Pencil Pine,2011,CATACT,SAMN05250240,7216,yes,4780550
Devils_AS_40,9.82009E+14,4,male,West Pencil Pine,2011,CCATTT,SAMN05250248,7257,yes,3042988
Devils_AS_48,9.82009E+14,4,male,West Pencil Pine,2011,AAGCTA,SAMN05250230,7498,yes,4742135
Devils_AS_36,9.8512E+14,4,male,West Pencil Pine,2011,GCAGAT,SAMN05250250,7542,yes,4258662
Devils_AS_11,9.8512E+14,4,male,West Pencil Pine,2011,AGCGCA,SAMN05250223,7980,yes,3377765
Devils_AS_42,PAW000000000021,4,female,West Pencil Pine,2011,AATATC,SAMN05250238,8169,yes,4657878
Devils_AS_257,9.8512E+14,4,male,West Pencil Pine,2011,TGCTTA,SAMN05250237,8829,yes,4020541
Devils_AS_733,9.82009E+14,4,female,West Pencil Pine,2011,CTACAG,SAMN05250249,8979,yes,4713303
Devils_AS_719,9.82009E+14,4,male,West Pencil Pine,2011,GATCGT,SAMN05250242,9490,yes,2570860
Devils_AS_271,9.8512E+14,4,female,West Pencil Pine,2011,TACGGG,SAMN05250228,9943,yes,2520069
Devils_AS_710,9.82009E+14,4,male,West Pencil Pine,2011,GGTTTG,SAMN05250243,9975,yes,2523665
Devils_AS_553,NNP000000000018,4,male,West Pencil Pine,2013,CCCTAA,SAMN05250264,669,yes,4798721
Devils_AS_692,9.82009E+14,4,female,West Pencil Pine,2013,AGTTAA,SAMN05250255,902,yes,6017692
Devils_AS_691,9.82009E+14,4,male,West Pencil Pine,2013,TTCCGT,SAMN05250261,1527,yes,4069435
Devils_AS_8,9.82009E+14,4,male,West Pencil Pine,2013,TCCTGC,SAMN05250260,1740,yes,5736910
Devils_AS_619,9.82009E+14,4,female,West Pencil Pine,2013,GTGCCT,SAMN05250275,2096,yes,6301653
Devils_AS_617,9.82009E+14,4,female,West Pencil Pine,2013,CTGGTT,SAMN05250273,2447,yes,5525762
Devils_AS_583,9.8512E+14,4,female,West Pencil Pine,2013,CCGAGG,SAMN05250272,2784,yes,5516757
Devils_AS_675,9.82009E+14,4,female,West Pencil Pine,2013,TTCTAG,SAMN05250269,2858,yes,6645745
Devils_AS_565,NNP000000000035,4,female,West Pencil Pine,2013,ACATAC,SAMN05250270,2923,yes,5557241
Devils_AS_680,9.82009E+14,4,female,West Pencil Pine,2013,ATAGTA,SAMN05250263,3030,yes,6134149
Devils_AS_563,NNP000000000032,4,male,West Pencil Pine,2013,TCAAAG,SAMN05250252,3070,yes,6067024
Devils_AS_560,NNP000000000029,4,male,West Pencil Pine,2013,TCGATT,SAMN05250268,3478,yes,5921685
Devils_AS_552,NNP000000000016,4,female,West Pencil Pine,2013,TTGAGC,SAMN05250277,3612,yes,3808651
Devils_AS_624,9.82009E+14,4,male,West Pencil Pine,2013,TCGCCA,SAMN05250276,4432,yes,4824460
Devils_AS_551,NNP000000000015,4,male,West Pencil Pine,2013,GCCGTA,SAMN05250266,4465,yes,1526474
Devils_AS_588,9.8512E+14,4,male,West Pencil Pine,2013,GTCATC,SAMN05250267,4523,yes,6200089
Devils_AS_70,FNP000000000009,4,female,West Pencil Pine,2013,GTAAGT,SAMN05250251,4684,yes,2491547
Devils_AS_77,9.82009E+14,4,male,West Pencil Pine,2013,ACCATG,SAMN05250278,4769,yes,4263663
Devils_AS_9,9.82009E+14,4,female,West Pencil Pine,2013,ACAAGA,SAMN05250254,5785,yes,3658734
Devils_AS_23,KLV000000000006,4,male,West Pencil Pine,2013,ATCAAA,SAMN05250271,5873,yes,3857069
Devils_AS_47,9.82009E+14,4,female,West Pencil Pine,2013,CCGCAT,SAMN05250280,5904,yes,4831073
Devils_AS_51,9.82009E+14,4,male,West Pencil Pine,2013,GCGACC,SAMN05250274,6339,yes,3847827
Devils_AS_17,9.8512E+14,4,female,West Pencil Pine,2013,CCCGGT,SAMN05250256,6456,yes,5203949
Devils_AS_61,9.82009E+14,4,male,West Pencil Pine,2013,CTGCGA,SAMN05250265,7086,yes,5506390
Devils_AS_6,9.82009E+14,4,female,West Pencil Pine,2013,GCATGG,SAMN05250258,7537,yes,5246890
Devils_AS_33,9.851E+14,4,male,West Pencil Pine,2013,ATGCAC,SAMN05250279,7853,yes,3118961
Devils_AS_5,9.82009E+14,4,female,West Pencil Pine,2013,ACAGCG,SAMN05250262,8468,yes,6021044
Devils_AS_258,9.8512E+14,4,male,West Pencil Pine,2013,GTATCC,SAMN05250259,8810,yes,5771065
Devils_AS_332,9.82009E+14,4,female,West Pencil Pine,2013,TTATGA,SAMN05250253,8995,yes,4381626
Devils_AS_324,9.82E+14,4,female,West Pencil Pine,2013,CTCGCC,SAMN05250257,9987,yes,2754480
Devils_AS_614,9.82009E+14,4,female,West Pencil Pine,2014,TTTGTC,SAMN05250293,939,yes,5774541
Devils_AS_602,9.82009E+14,4,male,West Pencil Pine,2014,CTTTGC,SAMN05250289,1795,yes,5540223
Devils_AS_573,9.8512E+14,4,female,West Pencil Pine,2014,GCTCAA,SAMN05250290,2054,yes,5933230
Devils_AS_567,NNP000000000003,4,male,West Pencil Pine,2014,TCGGAC,SAMN05250284,4005,yes,3211270
Devils_AS_676,9.82009E+14,4,female,West Pencil Pine,2014,ACCCCC,SAMN05250286,4507,yes,2835176
Devils_AS_64,9.82009E+14,4,female,West Pencil Pine,2014,CCTAAC,SAMN05250288,5508,yes,3362952
Devils_AS_35,9.8512E+14,4,female,West Pencil Pine,2014,CTTATG,SAMN05250281,5540,yes,4093652
Devils_AS_4,9.82009E+14,4,male,West Pencil Pine,2014,TTTAAT,SAMN05250285,5988,yes,2571672
Devils_AS_49,9.82009E+14,4,female,West Pencil Pine,2014,GCGCTG,SAMN05250282,6064,yes,2527489
Devils_AS_242,FNP000000000040,4,male,West Pencil Pine,2014,GTGTAA,SAMN05250283,8782,yes,3677691
Devils_AS_700,9.82009E+14,4,female,West Pencil Pine,2014,GTTGGA,SAMN05250291,8865,yes,3797075
Devils_AS_732,9.82009E+14,4,female,West Pencil Pine,2014,TCTCGG,SAMN05250292,9085,yes,3331567
Devils_AS_299,9.82009E+14,4,male,West Pencil Pine,2014,ATGTTG,SAMN05250287,9746,yes,3244014